Product Name,ASIN,Price
"boAt Stone 352 Pro Bluetooth Speaker w/ 14W Signature Sound, Up to 12hrs Playback, RGB LEDs, TWS Feature, Built-in Mic, BTv5.3, AUX Port, IPX5 & Type-C Interface(Raging Black)",B0D6W7F7WH,"₹1,799.00"
"boAt Stone 580 Bluetooth Speaker with 12W RMS Stereo Sound, LED Lights, Up to 8 HRS Playtime, TWS Feature, FM Radio, Multi-Compatibility Mode, IPX4(Midnight Black)",B0CC5VH2LW,"₹1,499.00"
"Zebronics ZEB-COUNTY 3W Wireless Bluetooth Portable Speaker With Supporting Carry Handle, USB, SD Card, AUX, FM & Call Function. (Black)",B07YNV41FT,₹399.00
"boAt Stone 352 Bluetooth Speaker with 10W RMS Stereo Sound, IPX7 Water Resistance, TWS Feature, Up to 12H Total Playtime, Multi-Compatibility Modes and Type-C Charging(Raging Black)",B0BYZ26QGB,"₹1,299.00"
"boAt Stone 352 Pro Bluetooth Speaker w/ 14W Signature Sound, Up to 12hrs Playback, RGB LEDs, TWS Feature, Built-in Mic, BTv5.3, AUX Port, IPX5 & Type-C Interface(Raging Black)",B0D6W7F7WH,"₹1,799.00"
"boAt Stone 352 Bluetooth Speaker with 10W RMS Stereo Sound, IPX7 Water Resistance, TWS Feature, Up to 12H Total Playtime, Multi-Compatibility Modes and Type-C Charging(Raging Black)",B0BYZ26QGB,"₹1,299.00"
"amazon basics 5W Bluetooth 5.3 Speaker, Upto 36 Hrs Playtime, True Wireless Technology, Built in Mic, Multiple Connectivity Modes (Black)",B0BLNMXT67,₹599.00
"Tribit StormBox Mini 12W 5.4 Bluetooth Wireless Speaker,360°Surround Sound,Built-in XBass,LED Lights,12H Playtime,IPX7 Waterproof,Wireless Stereo Pairing,Type-C,Portable for Home/Outdoor/Travel Black",B0D4Z148NG,"₹2,799.00"
"pTron Fusion Smart 10W Mini Bluetooth Speaker with Wireless Karaoke Mic, 10Hrs Playtime, RGB Lights, Voice Effects, Play Modes BT5.3/TF Card/USB & Type C Fast Charging Port (Ivory White)",B0CTR4PJRP,"₹1,199.00"
"Tribit [Upgraded Version XSound Go Wireless Bluetooth 5.0 Speakers with Loud Stereo Sound & Rich Bass 16W,24H Playtime,100 ft Bluetooth Range,Outdoor Lightweight IPX7 Waterproof,Built-in Mic (Black)",B078S4P3J9,"₹3,099.00"
"ZEBRONICS Igloo 1, 2.0 USB Computer Speakers, 8 Watts, Multicolor LED, USB Powered, AUX, Volume Control Pod for PC, Laptops, Desktop",B0DB29X1YX,₹399.00
"boAt Aavante Bar 610 Bluetooth Soundbar with 25W RMS Signature Sound, 2.0 Channel with Dual Passive Radiators, Upto 7 Hours Playback & Multi Connectivity(Charcoal Black)",B0BZ4DJ7GZ,"₹1,999.00"
"Mivi Play Bluetooth Speaker with 12 Hours Playtime. Wireless Speaker Made in India with Exceptional Sound Quality, Portable and Built in Mic-Black",B094RCC4L1,₹698.00
"boAt Aavante Bar 490 Bluetooth Soundbar 10W RMS Signature Sound,2.0 Channel,BTv5.1,Dual Full-Range Drivers, AUX, TF Card, USB, Upto 7 Hrs Playback,Built-in Mic,TWS Feature(Classic Black)",B0CH3G9VR2,₹999.00
"ZEBRONICS Sound Feast 90 10W Output, Portable Wireless Speaker with Bluetooth v5.0, FM Radio, TWS, 6.3mm Wired Mic Support, USB, mSD, AUX, Mobile Holder and RGB Lights",B0C6QY4TTP,₹899.00
"Portronics SoundDrum 1 10W TWS Portable Bluetooth 5.3 Speaker with Powerful Bass, Inbuilt-FM & Type C Charging Cable Included(Blue)",B097D69GJ1,₹888.00
"JBL Go 3, Wireless Ultra Portable Bluetooth Speaker, Pro Sound, Vibrant Colors with Rugged Fabric Design, Waterproof, Type C (Without Mic, Blue)",B08FB396L1,"₹2,799.00"
"AmazonBasics 5W Bluetooth 5.3 Speaker, Upto 36 Hrs Playtime, True Wireless Technology, Built in Mic, Multiple Connectivity Modes (Grey)",B0BLNKMBDS,₹599.00
"amazon basics Bluetooth Speaker 5.3 Soundbar with 16W RMS, 2000mAh Battery, Upto 19 Hrs Playtime Aux/USB Port (Black)",B0BLNKY3NR,₹749.00
TRONICA PS07 Premium Series 7.1 Digital 60W Bluetooth Home Theater System PenDrive FM Aux TV Compatible with All Function Remote,B0BQTYSF7W,"₹3,014.00"
"boAt Stone 352 Bluetooth Speaker with 10W RMS Stereo Sound, IPX7 Water Resistance, TWS Feature, Up to 12H Total Playtime, Multi-Compatibility Modes and Type-C Charging(Raging Black)",B0BYZ26QGB,"₹1,299.00"
"boAt Stone 620 Bluetooth Speaker with 12W RMS Stereo Sound, 10HRS Playtime, TWS Feature, IPX4, Multi-Compatibility Mode(Black)",B09GFRV7L5,"₹1,998.00"
"Zebronics Astra 30 Portable Bluetooth Speaker with 14W Output Power, TWS Function, Dual Passive Radiator, Dual 52mm Drives, FM, AUX, USB, mSD (Silver)",B0CHK19SJF,₹699.00
"pTron Fusion Go 10W Portable Bluetooth Speaker with 6Hrs Playtime, Immersive Sound, Auto-TWS Function, Supports BT/USB/SD Card/AUX Playback & Lightweight (Black)",B0CCBS7CZZ,₹489.00
"JBL Flip 5 Wireless Portable Bluetooth Speaker, Signature Sound with Powerful Bass Radiator, Vibrant Colors with Rugged Fabric Design, Party Boost, IPX7 Waterproof & Type C (without Mic, Blue)",B07SWMGSSV,"₹6,999.00"
"pTron Fusion Mount Mini Bluetooth Speaker, 12W HD Sound, Beat Synced RGB Lights, 10Hrs Playtime, Multi-Playback Modes-BT5.1/TF Card/Aux-in Port, IPX4 Water Resistant Speaker & Type-C Charging (Black)",B0CTR3D1XV,₹799.00
"Amazon Basics Party Speaker with Karaoke Mic, 16W, 4"" Double Woofer, RGB Light, 1800 mAh Battery, Digital Display, Remote Control, Bluetooth/Aux/USB Port/SD Card Connectivity",B0D86YS8MB,"₹1,649.00"
"ZEBRONICS Zeb-Fame 5watts 2.0 Multi Media Speakers with AUX, USB and Volume Control (Black)",B07L3NDN24,₹399.00
"Zebronics Zeb-VITA Wireless Bluetooth 10W Portable Bar Speaker with Supporting USB, SD Card, AUX, FM, TWS & Call Function. (Grey)",B09NZV378R,₹699.00
"pTron Fusion Beats 40W Karaoke Bluetooth Party Speaker, Loud & Clear Stereo Sound, RGB Lights, 3 mtr Wired Mic, BT/USB/SD Card Playback & Type C Charging (Black)",B0CTRV2FVH,"₹1,499"
"ZEBRONICS Pixie Portable Speaker, 5 Watts, Supports Bluetooth, TWS Function, mSD, Compact Design, Call Function, Carry Loop, Upto 7h Backup (Dark Blue)",B0CXTP6NQP,₹599.00
"boAt Stone 180 5W Bluetooth Speaker with Upto 10 Hours Playback, 1.75"" Driver, IPX7 & TWS Feature(Black)",B08JMC1988,"₹1,299.00"
"SYVO Soul 100 Bluetooth 5.0 Wireless IPX4 Super Bass, HD Sound, Aluminium Alloy Portable 3W Bluetooth Speaker with Mic (Black)",B08398QPWX,₹499.00
"GOVO Gosurround 300 | 25W Bluetooth SoundBar, 2000 Mah Battery, 2.0 Channel with 52Mm Drivers, Multicolor Led Lights with Tws, Aux, Bluetooth and USB (Platinum Black)",B0CCPCBW65,"₹1,299.00"
"JYX Best Portable Bluetooth Speakers with 2 Wireless Microphones,5200mAh Karaoke Party Speakers High Bass and Sound Bar Box Set Rechargeable PA System with TWS,FM, REC, Smart Speaker for Adults",B0CKTD3YFT,"₹17,499.00"
"pTron Fusion Beats V2 40W Karaoke Bluetooth Party Speaker with Loud & Clear Stereo Sound, Vivid RGB Lights, 3 mtr Wired Mic, BT/USB/SD Card Playback, Portable Speaker & Type C Charging (Royal Black)",B0D87CJ7WX,"₹1,499.00"
"boAt Stone 352 Bluetooth Speaker with 10W RMS Stereo Sound, IPX7 Water Resistance, TWS Feature, Up to 12H Total Playtime, Multi-Compatibility Modes and Type-C Charging(Raging Black)",B0BYZ26QGB,"₹1,299.00"
"amazon basics 5W Bluetooth 5.3 Speaker, Upto 36 Hrs Playtime, True Wireless Technology, Built in Mic, Multiple Connectivity Modes (Black)",B0BLNMXT67,₹599.00
"boAt Stone 352 Pro Bluetooth Speaker w/ 14W Signature Sound, Up to 12hrs Playback, RGB LEDs, TWS Feature, Built-in Mic, BTv5.3, AUX Port, IPX5 & Type-C Interface(Raging Black)",B0D6W7F7WH,"₹1,799.00"
"pTron Fusion Smart 10W Mini Bluetooth Speaker with Wireless Karaoke Mic, 10Hrs Playtime, RGB Lights, Voice Effects, Multi-Play Modes BT5.3/TF Card/USB & Type C Fast Charging Port (Pink)",B0CTR4BXK7,"₹1,199.00"
TRONICA PS07 Premium Series 7.1 Digital 60W Bluetooth Home Theater System PenDrive FM Aux TV Compatible with All Function Remote,B0BQTYSF7W,"₹3,014.00"
"boAt Stone 352 Pro Bluetooth Speaker w/ 14W Signature Sound, Up to 12hrs Playback, RGB LEDs, TWS Feature, Built-in Mic, BTv5.3, AUX Port, IPX5 & Type-C Interface(Raging Black)",B0D6W7F7WH,"₹1,799.00"
"Marshall Willen Portable Bluetooth Speaker with 15+ hours of portable playtime, Dust & Waterproof (IP67) - Black & Brass.",B0B2RL72ZQ,"₹9,999.00"
"FRONTECH Premium 2.0 Channel USB Powered Speakers with 1.5W x 2 Output, AUX Input, and 1-Year Warranty (Black)",B0CCVZWRD3,₹279.00
"JBL Go 4, Wireless Ultra Portable Bluetooth Speaker, Pro Sound, Vibrant Colors, Water & Dust Proof, Type C (Without Mic, Black)",B0CX5C6WP3,"₹3,999.00"
"boAt Stone 352 Bluetooth Speaker with 10W RMS Stereo Sound, IPX7 Water Resistance, TWS Feature, Up to 12H Total Playtime, Multi-Compatibility Modes and Type-C Charging(Raging Black)",B0BYZ26QGB,"₹1,299.00"
"amazon basics 5W Bluetooth 5.3 Speaker, Upto 36 Hrs Playtime, True Wireless Technology, Built in Mic, Multiple Connectivity Modes (Black)",B0BLNMXT67,₹599.00
"pTron Fusion Smart 10W Mini Bluetooth Speaker with Wireless Karaoke Mic, 10Hrs Playtime, RGB Lights, Voice Effects, Play Modes BT5.3/TF Card/USB & Type C Fast Charging Port (Ivory White)",B0CTR4PJRP,"₹1,199.00"
"Tribit StormBox Mini 12W 5.4 Bluetooth Wireless Speaker,360°Surround Sound,Built-in XBass,LED Lights,12H Playtime,IPX7 Waterproof,Wireless Stereo Pairing,Type-C,Portable for Home/Outdoor/Travel Black",B0D4Z148NG,"₹2,799.00"
"Marshall Willen Portable Bluetooth Speaker with 15+ hours of portable playtime, Dust & Waterproof (IP67) - Black & Brass.",B0B2RL72ZQ,"₹9,999.00"
"amazon basics 16W Bluetooth Soundbar Speaker with 1200mah Battery, BT v5.1, Aux, USB Port for Mobile, PC, Tablets, and Laptops (Blue)",B0CG9D18K8,₹849.00
"GOVO Gosurround 300 | 25W Bluetooth SoundBar, 2000 Mah Battery, 2.0 Channel with 52Mm Drivers, Multicolor Led Lights with Tws, Aux, Bluetooth and USB (Platinum Black)",B0CCPCBW65,"₹1,299.00"
"boAt Stone 135 Portable Wireless Speaker with 5W RMS Immersive Sound,IPX4 Water Resistance, True Wireless Feature, Up to 11H Total Playtime, Multi-Connectivity Modes With Type C Charging(Active Black)",B0B12Q8K2X,₹698.00
"Tacson S10 Mini Portable Wireless Bluetooth Speaker with Smart LED Light, for MP3 Music Player,connectivity SD Card, All Smartphone, Multicolor",B09YNN1Y8N,₹246.00
"Zebronics Zeb-Buddy 100 Portable BT v5.0 Speaker with TWS, 15W RMS, Wired mic Karaoke, 5H Backup, RGB LED, FM Radio, AUX, USB, Micro SD, Built in Rechargeable Battery and Mobile Holder, Black",B09P53B3M5,"₹1,299.00"
"Honeywell Moxie V500 10W Portable USB Wired Soundbar, Speaker for PC,Desktop and Laptop with Volume Control and 3.5 mm AUX,2.0 Channel,52mmX2 Drivers,Plug &Play,2 Yrs Maufacuturer Warranty",B0BNJH8DJP,₹789.00
"boAt Stone 1450 Portable Wireless Speaker with 40W RMS Signature Sound, RGB LEDs, TWS Feature, Multi-Compatibility Modes, IPX5 Water Resistance, EQ Modes(Black Storm)",B09SJ32HQZ,"₹4,499.00"
"amazon basics C20R4 16W Bluetooth Soundbar with 2000 mAh Battery | 2X Bass | Up to 10 hrs of Playback | 4 RGB Lights | Bluetooth 5.3, Aux & USB Connectivity (Black)",B0CWHCL2ZT,₹699.00
"Honeywell Newly Launched Suono P300 10W 5.3 Bluetooth Speaker,9H Playtime, Deep Bass,IPX 4,TWS Feature,Fast Charging,SD Card,USB,AUX,Built-in Mic and 52mm Drivers,2 Years Manufacturer Warranty - Blue",B0CTMDVNR6,"₹1,199.00"
"boAt Stone 352 Bluetooth Speaker with 10W RMS Stereo Sound, IPX7 Water Resistance, TWS Feature, Up to 12H Total Playtime, Multi-Compatibility Modes and Type-C Charging(Raging Black)",B0BYZ26QGB,"₹1,299.00"
"JYX Best Portable Bluetooth Speakers with 2 Wireless Microphones,5200mAh Karaoke Party Speakers High Bass and Sound Bar Box Set Rechargeable PA System with TWS,FM, REC, Smart Speaker for Adults",B0CKTD3YFT,"₹17,499.00"
"Portronics Dash 3 16W Bluetooth Speaker with Wireless Karaoke Mic, 5 Hours Playtime, Multicolor RGB Lights, 3 EQ Modes, 5 Voice Effects, AUX in, BT5.3v, Micro SD Card, Type C Charging Port(Black)",B0CM3DZD7Q,"₹1,999.00"
"Tribit [Upgraded Version XSound Go Wireless Bluetooth 5.0 Speakers with Loud Stereo Sound & Rich Bass 16W,24H Playtime,100 ft Bluetooth Range,Outdoor Lightweight IPX7 Waterproof,Built-in Mic (Black)",B078S4P3J9,"₹3,099.00"
"amazon basics 2 X 3W Multimedia PC Gaming Speaker with Aux Connectivity, USB Support, Volume Control, and RGB Lights",B0C14TQFQM,₹599.00
INEFABLE Mini Boost 4 Bluetooth Speaker 4D Mini Electroplating Round Steel Speaker - Multicolor - Pack of 1,B0CYXXLLFB,₹389.00
"JBL Clip 4, Wireless Ultra Portable Bluetooth Speaker, Pro Sound, Integrated Carabiner, Vibrant Colors with Rugged Fabric Design, Dust & Waterproof, Type C (without Mic, Black & Orange)",B08VN7GW9J,"₹4,499.00"
"pTron Fusion Smart 10W Mini Bluetooth Speaker with Wireless Karaoke Mic, 10Hrs Playtime, RGB Lights, Voice Effects, Multi-Play Modes BT5.3/TF Card/USB & Type C Fast Charging Port (Pink)",B0CTR4BXK7,"₹1,199.00"
"Zebronics Zeb-Warrior 2.0 Multimedia Speaker With Aux Connectivity,USB Powered And Volume Control",B07ZZBYWKF,₹699.00
"Portronics Dash 4 50W Wireless Bluetooth Party Speaker with Karaoke Mic, Upto 6 Hours Playtime, HD Sound, Bass Boost Technology, EQ Modes, 360° RGB Lights, BT 5.3v, AUX in, Type C Charging(Black)",B0CNXW42H8,"₹5,498.00"
Artis BT12 Classic Retro Wireless BT Speaker with FM/USB/AUX in & Hands Free Calling (5W RMS Output),B07RMHXKMK,"₹1,299.00"
"amazon basics 2.0 Multimedia Speaker for PC | 3.5 mm Aux-in | 2x3W | for PC, Laptop, Tablet",B0C7ZZ9DBC,₹549.00
"amazon basics X20G 16W Bluetooth Soundbar with 2000mAh Battery | 2X Bass | Up to 7 hrs of Playback | RGB Lights | Bluetooth 5.3, Aux & USB Connectivity (Black)",B0CTTPNDJ8,₹989.00
"JBL Partybox 110, Wireless Bluetooth Party Speaker, 160W Monstrous Pro Sound, Dynamic Light Show, Upto 12Hrs Playtime, Built-in Powerbank, Guitar & Mic Input, PartyBox App, Splashproof (Black)",B09JVCT78G,"₹26,999.00"
"amazon basics Bluetooth Speaker 5.3 Soundbar with 16W RMS, 2000mAh Battery, Upto 19 Hrs Playtime Aux/USB Port (Black)",B0BLNKY3NR,₹749.00
"SYVO Soul 100 Bluetooth 5.0 Wireless IPX4 Super Bass, HD Sound, Aluminium Alloy Portable 3W Bluetooth Speaker with Mic (Black)",B08398QPWX,₹499.00
TRONICA PS07 Premium Series 7.1 Digital 60W Bluetooth Home Theater System PenDrive FM Aux TV Compatible with All Function Remote,B0BQTYSF7W,"₹3,014.00"
"boAt Stone 352 Pro Bluetooth Speaker w/ 14W Signature Sound, Up to 12hrs Playback, RGB LEDs, TWS Feature, Built-in Mic, BTv5.3, AUX Port, IPX5 & Type-C Interface(Raging Black)",B0D6W7F7WH,"₹1,799.00"
"amazon basics 2.0 Multimedia Speaker for PC | 3.5 mm Aux-in | 2x3W | for PC, Laptop, Tablet",B0C7ZZ9DBC,₹549.00
"boAt Stone Spinx Pro Bluetooth Speaker with 20 W RMS Sound, Up to 8 hrs of Playtime, BTv5.0, Built-in Mic, RGB LEDs, TWS Feature, TF Card, AUX Port & USB Type-C Port(Midnight Black)",B0CVQ75VM2,"₹2,999.00"
"boAt Aavante Bar Groove Bluetooth 2.0 Channel Soundbar with 16 W RMS Output, Multiple Connectivity Modes, Up to 6 hrs Playtime, Bluetooth v5.0 & USB Type-C Port(Premium Black)",B0CBRPNWH1,"₹1,599.00"
"pTron Fusion Beats V2 40W Karaoke Bluetooth Party Speaker with Loud & Clear Stereo Sound, Vivid RGB Lights, 3 mtr Wired Mic, BT/USB/SD Card Playback, Portable Speaker & Type C Charging (Royal Black)",B0D87CJ7WX,"₹1,499.00"
"boAt Stone 352 Pro Bluetooth Speaker w/ 14W Signature Sound, Up to 12hrs Playback, RGB LEDs, TWS Feature, Built-in Mic, BTv5.3, AUX Port, IPX5 & Type-C Interface(Raging Black)",B0D6W7F7WH,"₹1,799.00"
"boAt Stone 352 Bluetooth Speaker with 10W RMS Stereo Sound, IPX7 Water Resistance, TWS Feature, Up to 12H Total Playtime, Multi-Compatibility Modes and Type-C Charging(Raging Black)",B0BYZ26QGB,"₹1,299.00"
"amazon basics 5W Bluetooth 5.3 Speaker, Upto 36 Hrs Playtime, True Wireless Technology, Built in Mic, Multiple Connectivity Modes (Black)",B0BLNMXT67,₹599.00
"pTron Fusion Smart 10W Mini Bluetooth Speaker with Wireless Karaoke Mic, 10Hrs Playtime, RGB Lights, Voice Effects, Multi-Play Modes BT5.3/TF Card/USB & Type C Fast Charging Port (Blue)",B0CTR6F1MZ,"₹1,199.00"
"JBL Partybox 110, Wireless Bluetooth Party Speaker, 160W Monstrous Pro Sound, Dynamic Light Show, Upto 12Hrs Playtime, Built-in Powerbank, Guitar & Mic Input, PartyBox App, Splashproof (Black)",B09JVCT78G,"₹26,999.00"
ZEBRONICS Zeb Wonderbar 10 USB Powered 2.0 Computer Speaker with RGB Lights,B08K9PX15C,₹699.00
"boAt Partypal 185 Speaker with 50 W Signature Sound, Up to 6 hrs Playtime, TWS Mode, Bluetooth v5.0, AUX Port, & USB Type-C Port(Midnight Black)",B0CG5ZPX62,"₹5,498.00"
"Philips Audio MMS2625B 2.1 Channel, Bluetooth connectivity, Wired Multimedia Computer Speaker - Black",B07W41VQ91,"₹1,732.00"
"INVICTO TG113 Portable Bluetooth Speaker with USB/Micro SD Card/AUX/Mic Multimedia Speaker System Super Bass Compatible with Android, iOS & Windows Devices(Army)",B09QCW6JFK,₹299.00
"Sony MHC-V13 High-Power Party Speaker with Bluetooth connectivity (Jet bass Booster,Mic/Guitar, USB, CD, Music Center app)",B08FMTSH1K,"₹18,990.00"
"Tribit StormBox Mini 12W 5.4 Bluetooth Wireless Speaker,360°Surround Sound,Built-in XBass,LED Lights,12H Playtime,IPX7 Waterproof,Wireless Stereo Pairing,Type-C,Portable for Home/Outdoor/Travel Black",B0D4Z148NG,"₹2,799.00"
"LENRUE A15 Portable 5.0 Bluetooth Speaker, IPX7 Waterproof, 16W Loud Sound, Bass Up Function, 24H Playtime, Wireless Stereo Pairing, Hands-Free, Essential for Indian Celebrations/Outdoor/Home/Travel",B08P592ST2,"₹2,549.00"
amazon basics Multimedia Speaker | USB Powered | Wired Desktop Speakers with Powerful Bass | Built-in Subwoofer (Black),B0CY2RPSFN,₹899.00
"ZEBRONICS ZEB-SOUND FEAST 500 Bluetooth 5.0 portable speaker with 70W, 9H* backup, TWS, IPX5 waterproof, Call function, RGB lights, AUX, mSD, Voice assistant, type C and Grill finish",B098JVB1WD,"₹4,300.00"
"GOVO Gosurround 220 16W Bluetooth Sound Bar, 2000 Mah Battery, 2.0 Channel with 52Mm Drivers, Multicolor Led Lights with TWS, Aux, Bluetooth and USB (Platinum Black), Soundbar",B0CC9RR41T,₹899.00
"boAt Stone 352 Bluetooth Speaker with 10W RMS Stereo Sound, IPX7 Water Resistance, TWS Feature, Up to 12H Total Playtime, Multi-Compatibility Modes and Type-C Charging(Raging Black)",B0BYZ26QGB,"₹1,299.00"
"JYX Best Portable Bluetooth Speakers with 2 Wireless Microphones,5200mAh Karaoke Party Speakers High Bass and Sound Bar Box Set Rechargeable PA System with TWS,FM, REC, Smart Speaker for Adults",B0CKTD3YFT,"₹17,499.00"
"SONY New Launch ULT Field 1 Wireless Ultra Portable Bluetooth Compact Speaker with ULT Button for Massive Bass, 12hrs Battery Life IP67 Waterproof, Dustproof, Hands-Free Calling(with Mic) - Black",B0CXL4FQBK,"₹10,988.00"
"Tribit XSound Plus 2 30W 5.3 Bluetooth Wireless Speakers,Powerful Louder Stereo Sound with Bass-Enhanced XBass Function,24H Playtime,IPX7 Waterproof,Built in Mic,150ft BT Range for Home/Outdoor,Black",B0CT5F1SW4,"₹6,599.00"
"boAt Stone 1200 14W Bluetooth Speaker with Upto 9 Hours Battery, RGB LEDs, IPX7 and TWS Feature(Maroon)",B08PDHLDHX,"₹3,999.00"
"Portronics Radiant 30W Wireless Bluetooth Portable Speaker With In-Built Mic,6 Hours Playtime,HD Clarity Sound,Dual Driver,RGB LEDs,TWS Connectivity,BT5.3v,USB Drive,Aux in,Type C Fast Charging(Black)",B0CRZ4D6WZ,"₹2,799.00"
"pTron Newly Launched Fusion Beam V2 16W Bluetooth Soundbar Speaker, Stereo Sound, RGB Lights, Metal Grill, Soundbar for Phone/TV/Laptop/Tablets, BT5.3/Aux/TF Card/USB Playback & TWS Pairing (Black)",B0D3FG6HW9,₹799.00
"Bose SoundLink Revolve+ (Series II), Portable and Long-Lasting Bluetooth Speaker with 360° Wireless Surround Sound, 17 Hours of Battery Life, Water and Dust Resistant - Triple Black",B08SCHWG3Y,"₹29,399.00"
"ZEBRONICS Pluto 2-2.1 Channel Desktop Speaker with 15 watts Output, Bluetooth 5.0, USB, mSD, FM, 3.5mm Jack Line Input, Inbuilt Volume Control, USB Powered, RGB Lights",B0CL2HP1J4,"₹1,099.00"
"boAt Stone 1010 14W Bluetooth Speaker with 8 Hours Playback, Bluetooth v5.0 & IPX5(Navy Blue)",B0BSH5YJRM,"₹2,999.00"
"HAMMER Beatbox Bluetooth Soundbar 24W Output, RGB Lights, AUX, USB, TF Card & TWS Connectivity, Upto 8Hr Playtime, 52mm Drivers, Easy to Carry, BT Speaker for TV, Mobile, PC, Laptops, Tablets (Black)",B0CVTGYYXF,"₹1,199.00"
"Zebronics Zeb-Action Portable 10W BT Speaker with TWS Function, USB,mSD, AUX, FM, Mic & Fabric Finish(Red)",B07WM95FT6,₹599.00
"ZEBRONICS Ace Plus Wireless Soundbar with 30W Output, Dual Passive Radiator, RGB Lights,Built-in Rechargeable Battery, Bluetooth 5.1,Coaxial Input, AUX, FM Radio, USB, mSD, TWS Function",B0CJ75LB7B,"₹1,399.00"
"ZEBRONICS Sound Feast 400 Bluetooth v5.0 Portable Speaker with 60W Output, 11 Hours Backup, Voice Assistant, TWS, IPX5 Waterproof, Call Function, RGB Light, AUX, USB, FM Radio and Type C",B0BLK1BWY4,"₹2,999.00"
"SYVO Soul 100 Bluetooth 5.0 Wireless IPX4 Super Bass, HD Sound, Aluminium Alloy Portable 3W Bluetooth Speaker with Mic (Black)",B08398QPWX,₹499.00
"boAt Stone 580 Bluetooth Speaker with 12W RMS Stereo Sound, LED Lights, Up to 8 HRS Playtime, TWS Feature, FM Radio, Multi-Compatibility Mode, IPX4(Midnight Black)",B0CC5VH2LW,"₹1,499.00"
TRONICA PS07 Premium Series 7.1 Digital 60W Bluetooth Home Theater System PenDrive FM Aux TV Compatible with All Function Remote,B0BQTYSF7W,"₹3,014.00"
"boAt Stone 352 Pro Bluetooth Speaker w/ 14W Signature Sound, Up to 12hrs Playback, RGB LEDs, TWS Feature, Built-in Mic, BTv5.3, AUX Port, IPX5 & Type-C Interface(Raging Black)",B0D6W7F7WH,"₹1,799.00"
"ZEBRONICS Sound Feast 400 Bluetooth v5.0 Portable Speaker with 60W Output, 11 Hours Backup, Voice Assistant, TWS, IPX5 Waterproof, Call Function, RGB Light, AUX, USB, FM Radio and Type C",B0BLK1BWY4,"₹2,999.00"
"Portronics Resound 5W Bluetooth 5.3 Wireless Speaker with FM Radio, TWS Function, Multicolor LED Lights, 6-8 Hrs Playtime(Blue)",B0BHNL9F4M,₹999.00
"Zebronics Astra 10 Portable Wireless BT v5.0 Speaker, 10W RMS Power, 15* Hours Backup, 2.25"" Drive Size, up to 6.4"" Mobile Holder Support, Carry Handle, USB, mSD, AUX Input and FM Radio, Grey",B08S74GTBT,₹699.00
Marshall Woburn II 130 Watt Wireless Bluetooth Powered Speaker (Black),B07H7BMTLV,"₹39,999.00"
"Marshall Willen Portable Bluetooth Speaker with 15+ hours of portable playtime, Dust & Waterproof (IP67) - Cream.",B0B25HH4QR,"₹9,999.00"
"Tribit StormBox Mini 12W 5.4 Bluetooth Wireless Speaker,360°Surround Sound,Built-in XBass,LED Lights,12H Playtime,IPX7 Waterproof,Wireless Stereo Pairing,Type-C,Portable for Home/Outdoor/Travel Black",B0D4Z148NG,"₹2,799.00"
"Marshall Emberton II Compact Portable Bluetooth Speaker with 30+ Hours of Playtime, (360° Sound), Dust & Waterproof (IP67) Cream.",B0B25H1NYH,"₹15,999.00"
Marshall Stanmore III Wired Connectivity Home Speaker with Bluetooth 5.2 & RCA or 3.5mm Input - Brown,B09GYRMJ17,"₹41,998.00"
"Marshall Emberton II Compact Portable Bluetooth Speaker with 30+ Hours of Playtime, (360° Sound), Dust & Waterproof (IP67) Black & Brass.",B09XXW54QG,"₹15,999.00"
"Portronics in Tune 3 6W Portable USB Wired Soundbar with Multicolor LED Light Speaker for PC, Desktop and Laptop, 3.5mm Audio Jack, Volume Scroll Button, Plug & Play(Black)",B0BV27R32P,₹499.00
"OBAGE Essential -5 2.1 Home Theatre System 80 Watt with HDMI ARC, Digital Bass Treble Control,Bluetooth 5.3v, USB,FM and AUX",B0D7VM8D9B,"₹3,695.00"
"JYX Speaker with Mic System for Singing, Portable Bluetooth Speakers with Dazzling Light and 2 Wireless Microphones for Adults, Mini Karaoke Set for Home, Birthday Gifts Toys for Girls Boys Party",B0CN3D7CL2,"₹7,349.00"
"pTron Fusion Concert 24W Bluetooth Soundbar Speaker, Powerful Sound, RGB Lights, Soundbar for Phone/TV/Laptop/Tablets/Projectors, BT5.3/FM Radio/Aux/TF Card/USB Playback & TWS Function (Matt Black)",B0CRLGRDH9,"₹1,299.00"
"Portronics Breeze 5 25W Portable Wireless Bluetooth Speaker with in Built Mic,6 Hrs Playtime,RGB LEDs,TWS Mode,BT 5.3v,USB Drive,SD Card,AUX in,FM Radio,IPX5 Water Resistant,Type C Charging(Black)",B0CS3MDR99,"₹2,698.00"
"amazon basics Wireless Soundbar with Bluetooth, USB, and Party RGB Lights for Tv, Mobile, Pc, Tablets, and Laptops, 16W (Grey)",B0CZP761HF,₹849.00
"amazon basics Wireless Soundbar with Bluetooth, USB, and Party RGB Lights for Tv, Mobile, Pc, Tablets, and Laptops, 16W",B0CXP9YV1J,"₹1,199.00"
"Noise VIBE 2 5W Portable Wireless Bluetooth Speaker with Built-in Mic,15H Playtime,TWS Pairing Support,52mm Driver,BT v5.3 (Wandering Black)",B0CPST86DK,"₹1,499.00"
"boAt Stone 352 Bluetooth Speaker with 10W RMS Stereo Sound, IPX7 Water Resistance, TWS Feature, Up to 12H Total Playtime, Multi-Compatibility Modes and Type-C Charging(Raging Black)",B0BYZ26QGB,"₹1,299.00"
"JYX Best Portable Bluetooth Speakers with 2 Wireless Microphones,5200mAh Karaoke Party Speakers High Bass and Sound Bar Box Set Rechargeable PA System with TWS,FM, REC, Smart Speaker for Adults",B0CKTD3YFT,"₹17,499.00"
"boAt Partypal 390 Speaker with 160 W Signature Sound, Up to 6 hrs Playtime, EQ Modes, 2 Mics for Karaoke, TWS Mode, Bluetooth v5.3, AUX Port, & USB Type-C Port(Space Black)",B0CJMF9Z56,"₹14,999.00"
"ZEBRONICS Juke BAR 3902 Soundbar with 100 Watts,Virtual 5.1, HDMI (ARC), Optical, USB, AUX, Bluetooth v5.0, Wall Mountable Design",B0CR1NWYLD,"₹3,999.00"
"pTron Newly Launched Fusion Octane 40W Karaoke Bluetooth Party Speaker, Immersive Stereo Sound, Vivid RGB Lights, 3m Wired Karaoke Mic, BT/USB/SD Card Playback, TWS Pairing & Type-C Charging (Black)",B0D49WL8ZK,"₹2,199.00"
"Mivi Fort Q18 Soundbar with 18W Bluetooth Soundbar, 2.0 Channel with 2 in-Built Full-Range Speakers, Multiple Input Modes, 6H Playtime, 2000mAh, Made in India soundbar for TV",B0CW38T5QK,"₹1,149.00"
"Portronics Bounce 2 5W Portable Bluetooth Speaker with in-Built FM Radio, Type C Charging Port with 5 Hrs Playback(Black)",B0BK4JCJRJ,₹758.00
"amazon basics X12 16W Bluetooth Soundbar with 1200 mAh Battery | 2X Bass | Up to 10 hrs of Playback | Bluetooth 5.3, Aux & USB Connectivity (Black)",B0CTTMWVJH,₹849.00
"CrossBeats Blaze B24 Bluetooth Soundbar 24W, Gaming RGB Lights, AUX, Bluetooth, USB, FM & TWS I Fast SnapCharge Battery, Multiport Connectivity, BT Speaker for TV, Mobile, PC, Laptops, Tablets Black",B0BTDB3JYN,"₹1,599.00"
"boAt Stone Lumos 60W Bluetooth Speaker w/ 7 LED Projection Modes, Hearables App Support, Dual EQs, Up to 9hrs of Playtime, TWS Feature, Built-in Mic, BT v5.3(Midnight Black)",B0D4MHL4SH,"₹6,999.00"
"Tribit StormBox 2 Bluetooth Speaker with 34W 360° Surround Sound, XBass Tech, 24H Playtime, IPX7 Waterproof, Bluetooth 5.3, TWS Pairing Portable Wireless Speaker for Outdoor",B0CW9N3XF1,"₹6,999.00"
"pTron Musicbot Groove Mini Bluetooth Speaker, 10W Immersive Sound, 6H Playtime, FM Radio, Multi-Playback Modes-BT5.1/TF Card/Aux-in, Metal Grill & Type-C Charging (Black)",B0CTWX9MLN,₹799.00
"Portronics Talk Three Wearable Bluetooth Speaker with Mic, Magnetic/Spring Clip-On, Upto 10Hours Playtime, IPX5 Water/Dust Resistant, Bluetooth 5.3v, Big Buttons, Portable Speaker with Microphone",B0CW39HC2Y,"₹1,299.00"
"JBL Cinema SB271, Dolby Digital Soundbar with Wireless Subwoofer for Extra Deep Bass, 2.1 Channel Home Theatre with Remote, HDMI ARC, Bluetooth & Optical Connectivity (220W)",B0B6441RNK,"₹9,999.00"
"amazon basics Bluetooth Speaker 5.3 Soundbar with 16W RMS, 2000mAh Battery, Upto 19 Hrs Playtime Aux/USB Port (Black)",B0BLNKY3NR,₹749.00
"boAt Stone 580 Bluetooth Speaker with 12W RMS Stereo Sound, LED Lights, Up to 8 HRS Playtime, TWS Feature, FM Radio, Multi-Compatibility Mode, IPX4(Midnight Black)",B0CC5VH2LW,"₹1,499.00"
"pTron Fusion Beats V2 40W Karaoke Bluetooth Party Speaker with Loud & Clear Stereo Sound, Vivid RGB Lights, 3 mtr Wired Mic, BT/USB/SD Card Playback, Portable Speaker & Type C Charging (Royal Black)",B0D87CJ7WX,"₹1,499.00"
"boAt Stone 352 Bluetooth Speaker with 10W RMS Stereo Sound, IPX7 Water Resistance, TWS Feature, Up to 12H Total Playtime, Multi-Compatibility Modes and Type-C Charging(Raging Black)",B0BYZ26QGB,"₹1,299.00"
"amazon basics 5W Bluetooth 5.3 Speaker, Upto 36 Hrs Playtime, True Wireless Technology, Built in Mic, Multiple Connectivity Modes (Black)",B0BLNMXT67,₹599.00
"boAt Stone 352 Pro Bluetooth Speaker w/ 14W Signature Sound, Up to 12hrs Playback, RGB LEDs, TWS Feature, Built-in Mic, BTv5.3, AUX Port, IPX5 & Type-C Interface(Raging Black)",B0D6W7F7WH,"₹1,799.00"
"pTron Fusion Smart 10W Mini Bluetooth Speaker with Wireless Karaoke Mic, 10Hrs Playtime, RGB Lights, Voice Effects, Multi-Play Modes BT5.3/TF Card/USB & Type C Fast Charging Port (Pink)",B0CTR4BXK7,"₹1,199.00"
TRONICA PS07 Premium Series 7.1 Digital 60W Bluetooth Home Theater System PenDrive FM Aux TV Compatible with All Function Remote,B0BQTYSF7W,"₹3,014.00"
"boAt Stone 352 Bluetooth Speaker with 10W RMS Stereo Sound, IPX7 Water Resistance, TWS Feature, Up to 12H Total Playtime, Multi-Compatibility Modes and Type-C Charging(Raging Black)",B0BYZ26QGB,"₹1,299.00"
"pTron Musicbot Groove Mini Bluetooth Speaker, 10W Immersive Sound, 6H Playtime, FM Radio, Multi-Playback Modes-BT5.1/TF Card/Aux-in, Metal Grill & Type-C Charging (Black)",B0CTWX9MLN,₹799.00
"boAt Stone Lumos 60W Bluetooth Speaker w/ 7 LED Projection Modes, Hearables App Support, Dual EQs, Up to 9hrs of Playtime, TWS Feature, Built-in Mic, BT v5.3(Midnight Black)",B0D4MHL4SH,"₹6,999.00"
"Portronics Bounce 2 5W Portable Bluetooth Speaker with in-Built FM Radio, Type C Charging Port with 5 Hrs Playback(Black)",B0BK4JCJRJ,₹758.00
"boAt Stone 352 Bluetooth Speaker with 10W RMS Stereo Sound, IPX7 Water Resistance, TWS Feature, Up to 12H Total Playtime, Multi-Compatibility Modes and Type-C Charging(Raging Black)",B0BYZ26QGB,"₹1,299.00"
"amazon basics 5W Bluetooth 5.3 Speaker, Upto 36 Hrs Playtime, True Wireless Technology, Built in Mic, Multiple Connectivity Modes (Black)",B0BLNMXT67,₹599.00
"pTron Newly Launched Fusion Bliss 16W Bluetooth Speaker with Wireless Karaoke Mic, 6Hrs Playtime, Vibrant RGB Lights, Voice Effects, Multi-Play Modes BT5.3/TF Card & Type-C Charging Port (Black)",B0D76YMVZ6,"₹1,449.00"
"Tribit StormBox Mini 12W 5.4 Bluetooth Wireless Speaker,360°Surround Sound,Built-in XBass,LED Lights,12H Playtime,IPX7 Waterproof,Wireless Stereo Pairing,Type-C,Portable for Home/Outdoor/Travel Black",B0D4Z148NG,"₹2,799.00"
"pTron Fusion Smart 10W Mini Bluetooth Speaker with Wireless Karaoke Mic, 10Hrs Playtime, RGB Lights, Voice Effects, Multi-Play Modes BT5.3/TF Card/USB & Type C Fast Charging Port (Pink)",B0CTR4BXK7,"₹1,199.00"
"JBL Cinema SB271, Dolby Digital Soundbar with Wireless Subwoofer for Extra Deep Bass, 2.1 Channel Home Theatre with Remote, HDMI ARC, Bluetooth & Optical Connectivity (220W)",B0B6441RNK,"₹12,999.00"
"GOVO GOSURROUND 945 | 120W Sound bar, 5.1 Channel Home Theatre with Mega subwoofer, Dual Rear Satellites, AUX, USB & Bluetooth, 3 Equalizer Modes, Stylish Remote & LED Display (Platinum Black)",B0CF9NVXW5,"₹4,499.00"
"Sony Car Speaker XS-FB162E 16 cm (6.5 inch) 2-Way Coaxial Speakers (Black), Peak Power - 260W, RMS POWER - 45W, RATED POWER - 40W",B017HSSHS4,"₹1,790.00"
AmazonBasics USB-Powered PC Computer Speakers with Dynamic Sound | Black,B07DDK3W5D,"₹1,129.00"
"MI Portable Wireless Bluetooth Speaker (Blue)|16W Hi-Quality Speaker with Mic|Upto 13hrs Playback Time|IPX7 Waterproof & Type C|Wireless Stereo Pairing|Speaker for Home, Outdoor & Travel Purpose",B08WWNS6Z8,"₹2,539.00"
Artis Mini 2.0 USB Multimedia Speakers (Black),B018JZK0SY,₹499.00
"Portronics Breeze Plus 20W Bluetooth 5.0 Portable Stereo Speaker with TWS, Aux in, Water Resistant, 2000mAh Battery, Grey",B07WSCY4LX,"₹1,889.00"
"Honeywell Newly Launched Suono P400 15W 5.3 Bluetooth Speaker,Deep Bass Radiators,10H Playtime,IPX 6,TWS Feature,RGB Lights,SD Card,AUX,Type-C Port,Built-In Mic,78mm Drivers,2Yrs Manufacturer Warranty",B0CTMLXS2F,"₹2,199.00"
"Tribit [Upgraded Version StormBox Pro Bluetooth Speaker 40W 5.3 Channel Wireless Portable Speaker High Fidelity 360° Sound Built-in XBass, 24H IP67 Waterproof Bluetooth Tower Subwoofer",B08MZZTH1N,"₹11,999.00"
"boAt Stone 352 Pro Bluetooth Speaker w/ 14W Signature Sound, Up to 12hrs Playback, RGB LEDs, TWS Feature, Built-in Mic, BTv5.3, AUX Port, IPX5 & Type-C Interface(Raging Black)",B0D6W7F7WH,"₹1,799.00"
"JYX Best Portable Bluetooth Speakers with 2 Wireless Microphones,5200mAh Karaoke Party Speakers High Bass and Sound Bar Box Set Rechargeable PA System with TWS,FM, REC, Smart Speaker for Adults",B0CKTD3YFT,"₹17,499.00"
"HP DHS-2111 Wired Speaker, 2-Channel Surround Sound, 3.5mm aux connectivity, PC and Phone Compatible, Easy Volume Controls, 1-Year Warranty, 0.27 kg, Black, 8C575AA",B0CCJQYCQK,₹802.00
"pTron Fusion Moment Mini Bluetooth Speaker with Mini Wireless Karaoke Mic, RGB Lights, Voice Change Effects, 6Hrs Playtime, Bluetooth V5.3 & Type C Fast Charging Port (Beige)",B0CTYLX6GD,"₹1,099.00"
"TECHNOVIEW 5W Ultra Mini Wireless Protable Bluetooth Speaker with Dynamic Metal Sound, Wireless Remote Shutter, Long-lasting Battery, Compact & Durable Design, Quick charging (Multi)",B0CW6CPT5G,₹369.00
"ZEBRONICS Space Deck Pro 45W Bluetooth Supporting Portable Speaker with USB,mSD Card,AUX,Built -in FM,LED Lights, TWS Function, Wireless Mic and Remote Control (Black)",B08D6GDPQZ,"₹5,429.00"
Marshall Acton III Wired Connectivity Stereo Home Speakers with Bluetooth 5.2 & RCA or 3.5mm Input Brown,B0BBYDS7PK,"₹31,999.00"
"Printme Super Ultra Mini Boost 5 Watt Wireless Bluetooth Portable Speaker with Exceptional Sound Quality, Portable and Built in Mic (Pink)",B0CGNTZ7LP,₹399.00
Blaupunkt Atomik BB20 Wireless Bluetooth Party Speaker 20W with Dual Passive Radiator I 1500mAh Battery I Deep Bass I Karaoke with Mic I USB I TWS I AUX I Outdoor Speaker with Carrying Strap(Black),B09Y98LJSG,"₹1,999.00"
"VW Sonic Bar | 120W Soundbar | 2.1 Channel Home Theatre | 5.25"" Wired Subwoofer | Multiple Connectivity & Sleek Design (Black)",B0CP3MGZVX,"₹3,999.00"
"amazon basics SB25R 25W Bluetooth Soundbar with 3600 mAh Battery | 2X Bass | Up to 10 hrs of Playback | Blue LED Lights | Bluetooth 5.3, Aux & USB Connectivity (Slate Grey)",B0D3V6PFM5,"₹1,499.00"
"Bose SoundLink Flex Bluetooth Portable Speaker, 20W Wireless Waterproof Speaker for Outdoor Travel-Black",B099TJGJ91,"₹15,899.00"
"Zebronics Music Bomb X Pro 20W output, Portable wireless speaker with Bluetooth 5.1, 22h Backup, TWS, USB, mSD, AUX, FM, Call Function and RGB LED lights",B0C6QZHCL5,"₹1,799.00"
"ZEBRONICS Igloo 2, 2.0 USB Computer Speakers, 10 Watts, RGB LED, USB Powered, AUX, Volume Control Pod for PC, Laptops, Desktop (Black)",B0D98FF2XV,₹899.00
"amazon basics Bluetooth Speaker 5.3 Soundbar with 16W RMS, 2000mAh Battery, Upto 19 Hrs Playtime Aux/USB Port (Black)",B0BLNKY3NR,₹749.00
"boAt Stone 580 Bluetooth Speaker with 12W RMS Stereo Sound, LED Lights, Up to 8 HRS Playtime, TWS Feature, FM Radio, Multi-Compatibility Mode, IPX4(Midnight Black)",B0CC5VH2LW,"₹1,499.00"
"boAt Stone 352 Bluetooth Speaker with 10W RMS Stereo Sound, IPX7 Water Resistance, TWS Feature, Up to 12H Total Playtime, Multi-Compatibility Modes and Type-C Charging(Raging Black)",B0BYZ26QGB,"₹1,299.00"
"pTron Fusion Beats V2 40W Karaoke Bluetooth Party Speaker with Loud & Clear Stereo Sound, Vivid RGB Lights, 3 mtr Wired Mic, BT/USB/SD Card Playback, Portable Speaker & Type C Charging (Royal Black)",B0D87CJ7WX,"₹1,499.00"
"amazon basics 5W Bluetooth 5.3 Speaker, Upto 36 Hrs Playtime, True Wireless Technology, Built in Mic, Multiple Connectivity Modes (Black)",B0BLNMXT67,₹599.00
"boAt Stone 352 Pro Bluetooth Speaker w/ 14W Signature Sound, Up to 12hrs Playback, RGB LEDs, TWS Feature, Built-in Mic, BTv5.3, AUX Port, IPX5 & Type-C Interface(Raging Black)",B0D6W7F7WH,"₹1,799.00"
"pTron Newly Launched Fusion Bliss 16W Bluetooth Speaker with Wireless Karaoke Mic, 6Hrs Playtime, Vibrant RGB Lights, Voice Effects, Multi-Play Modes BT5.3/TF Card & Type-C Charging Port (Black)",B0D76YMVZ6,"₹1,449.00"
